我女朋友是白羊座的妹子,"type: gender
subject: 100
relation: 性别
entity: 男
score: 90
candidateAnswer: 你不是说你是大美女吗？那这样以后小影把你当男生喽~
conflict: True
","type: constellation_lover
subject: 100
relation: 星座
entity: 白羊座
score: 200
candidateAnswer: 哇，白羊座宝宝呀，听说这个星座的GGMM都好好呢
conflict: False
","type: location
subject: 100
relation: 所在地
entity: 上海
score: 90
candidateAnswer: None
conflict: False
"
我女票是白羊座,"type: gender
subject: 100
relation: 性别
entity: 男
score: 90
candidateAnswer: None
conflict: False
","type: constellation_lover
subject: 100
relation: 星座
entity: 白羊座
score: 200
candidateAnswer: 哇，白羊座宝宝呀，听说这个星座的GGMM都好好呢
conflict: False
","type: location
subject: 100
relation: 所在地
entity: 上海
score: 90
candidateAnswer: None
conflict: False
"
我家亲爱的是可爱的小白羊,"type: gender
subject: 100
relation: 性别
entity: 男
score: 90
candidateAnswer: None
conflict: False
","type: location
subject: 100
relation: 所在地
entity: 上海
score: 90
candidateAnswer: None
conflict: False
"
我女朋友白羊座的，很活泼,"type: gender
subject: 100
relation: 性别
entity: 男
score: 90
candidateAnswer: None
conflict: False
","type: constellation_lover
subject: 100
relation: 星座
entity: 白羊座
score: 200
candidateAnswer: 白羊座呀，小影认为能和你在一起的人的星座就是和你最配的星座哟哇咔咔
conflict: False
","type: location
subject: 100
relation: 所在地
entity: 上海
score: 90
candidateAnswer: None
conflict: False
"
我女票白羊座，比较慷慨大方,"type: gender
subject: 100
relation: 性别
entity: 男
score: 90
candidateAnswer: None
conflict: False
","type: constellation_lover
subject: 100
relation: 星座
entity: 白羊座
score: 200
candidateAnswer: 你女票和白羊座的星座描述相似吗？
conflict: False
","type: location
subject: 100
relation: 所在地
entity: 上海
score: 90
candidateAnswer: None
conflict: False
"
我女盆友是白羊座的女汉子,"type: gender
subject: 100
relation: 性别
entity: 男
score: 90
candidateAnswer: None
conflict: False
","type: location
subject: 100
relation: 所在地
entity: 上海
score: 90
candidateAnswer: None
conflict: False
"
我男盆友是白羊座的,"type: gender
subject: 100
relation: 性别
entity: 女
score: 90
candidateAnswer: 嗯？你是女生吗？小影怎么记得你是帅锅啊？好吧……那伦家知道了，你是女生~
conflict: True
","type: location
subject: 100
relation: 所在地
entity: 上海
score: 90
candidateAnswer: None
conflict: False
"
我女朋友是白羊座的，难怪这么乐观,"type: gender
subject: 100
relation: 性别
entity: 男
score: 90
candidateAnswer: 额……小影记得你是大美女呢，那以后人家当你是帅锅咯~ 
conflict: True
","type: constellation_lover
subject: 100
relation: 星座
entity: 白羊座
score: 200
candidateAnswer: 哇，白羊座宝宝呀，听说这个星座的GGMM都好好呢
conflict: False
","type: location
subject: 100
relation: 所在地
entity: 上海
score: 90
candidateAnswer: None
conflict: False
"
我女票对朋友还挺慷慨的，果然是白羊座,"type: gender
subject: 100
relation: 性别
entity: 男
score: 90
candidateAnswer: None
conflict: False
","type: constellation_lover
subject: 100
relation: 星座
entity: 白羊座
score: 200
candidateAnswer: 你女票和白羊座的星座描述相似吗？
conflict: False
","type: location
subject: 100
relation: 所在地
entity: 上海
score: 90
candidateAnswer: None
conflict: False
"
我女票是白羊座的娃,"type: gender
subject: 100
relation: 性别
entity: 男
score: 90
candidateAnswer: None
conflict: False
","type: constellation_lover
subject: 100
relation: 星座
entity: 白羊座
score: 200
candidateAnswer: 知道得这么清楚，那你相信星座吗？
conflict: False
","type: location
subject: 100
relation: 所在地
entity: 上海
score: 90
candidateAnswer: None
conflict: False
"
白羊座的人一堆缺点，我男票最典型,"type: gender
subject: 100
relation: 性别
entity: 女
score: 90
candidateAnswer: 你不是说你是帅锅吗？那这样以后小影把你当女孩纸喽~
conflict: True
","type: location
subject: 100
relation: 所在地
entity: 上海
score: 90
candidateAnswer: None
conflict: False
"
我男票是白羊座里脾气最牛的,"type: gender
subject: 100
relation: 性别
entity: 女
score: 90
candidateAnswer: None
conflict: False
","type: constellation_lover
subject: 100
relation: 星座
entity: 白羊座
score: 200
candidateAnswer: 白羊座的呀，那你对这个星座有所了解，感兴趣吗？
conflict: False
","type: location
subject: 100
relation: 所在地
entity: 上海
score: 90
candidateAnswer: None
conflict: False
"
我男票就是白羊座的，固执的要死。,"type: gender
subject: 100
relation: 性别
entity: 女
score: 90
candidateAnswer: None
conflict: False
","type: constellation_lover
subject: 100
relation: 星座
entity: 白羊座
score: 200
candidateAnswer: 白羊座呀，小影认为能和你在一起的人的星座就是和你最配的星座哟哇咔咔
conflict: False
","type: location
subject: 100
relation: 所在地
entity: 上海
score: 90
candidateAnswer: None
conflict: False
"
我男票白羊的啊，感觉好幼稚。,"type: gender
subject: 100
relation: 性别
entity: 女
score: 90
candidateAnswer: None
conflict: False
","type: constellation_lover
subject: 100
relation: 星座
entity: 白羊座
score: 200
candidateAnswer: 知道得这么清楚，那你相信星座吗？
conflict: False
","type: location
subject: 100
relation: 所在地
entity: 上海
score: 90
candidateAnswer: None
conflict: False
"
我男票是很阳光的白羊座。,"type: gender
subject: 100
relation: 性别
entity: 女
score: 90
candidateAnswer: None
conflict: False
","type: constellation_lover
subject: 100
relation: 星座
entity: 白羊座
score: 200
candidateAnswer: 白羊座的呀，那你对这个星座有所了解，感兴趣吗？
conflict: False
","type: location
subject: 100
relation: 所在地
entity: 上海
score: 90
candidateAnswer: None
conflict: False
"
我女朋友是金牛座的。,"type: gender
subject: 100
relation: 性别
entity: 男
score: 90
candidateAnswer: 额……小影记得你是妹子呢，那以后人家当你是男生咯~ 
conflict: True
","type: constellation_lover
subject: 100
relation: 星座
entity: 金牛座
score: 200
candidateAnswer: 知道得这么清楚，那你相信星座吗？
conflict: False
","type: location
subject: 100
relation: 所在地
entity: 上海
score: 90
candidateAnswer: None
conflict: False
"
我女朋友是金牛座的，特别实在。,"type: gender
subject: 100
relation: 性别
entity: 男
score: 90
candidateAnswer: None
conflict: False
","type: constellation_lover
subject: 100
relation: 星座
entity: 金牛座
score: 200
candidateAnswer: 知道得这么清楚，那你相信星座吗？
conflict: False
","type: location
subject: 100
relation: 所在地
entity: 上海
score: 90
candidateAnswer: None
conflict: False
"
我女票金牛座的，特别保守。,"type: gender
subject: 100
relation: 性别
entity: 男
score: 90
candidateAnswer: None
conflict: False
","type: constellation_lover
subject: 100
relation: 星座
entity: 金牛座
score: 200
candidateAnswer: 金牛座呀，小影认为能和你在一起的人的星座就是和你最配的星座哟哇咔咔
conflict: False
","type: location
subject: 100
relation: 所在地
entity: 上海
score: 90
candidateAnswer: None
conflict: False
"
我女朋友是特别顽固的金牛座。,"type: gender
subject: 100
relation: 性别
entity: 男
score: 90
candidateAnswer: None
conflict: False
","type: constellation_lover
subject: 100
relation: 星座
entity: 金牛座
score: 200
candidateAnswer: 你女朋友和金牛座的星座描述相似吗？
conflict: False
","type: location
subject: 100
relation: 所在地
entity: 上海
score: 90
candidateAnswer: None
conflict: False
"
我家男票是金牛座的。,"type: gender
subject: 100
relation: 性别
entity: 女
score: 90
candidateAnswer: 嗯？你是美女吗？小影怎么记得你是帅哥啊？好吧……那伦家知道了，你是美女~
conflict: True
","type: location
subject: 100
relation: 所在地
entity: 上海
score: 90
candidateAnswer: None
conflict: False
"
我男朋友是大金牛座。,"type: gender
subject: 100
relation: 性别
entity: 女
score: 90
candidateAnswer: None
conflict: False
","type: constellation_lover
subject: 100
relation: 星座
entity: 金牛座
score: 200
candidateAnswer: 金牛座的呀，那你对这个星座有所了解，感兴趣吗？
conflict: False
","type: location
subject: 100
relation: 所在地
entity: 上海
score: 90
candidateAnswer: None
conflict: False
"
本姑娘的男票是金牛座的。,"type: gender
subject: 100
relation: 性别
entity: 女
score: 90
candidateAnswer: None
conflict: False
","type: location
subject: 100
relation: 所在地
entity: 上海
score: 90
candidateAnswer: None
conflict: False
"
金牛座的都挺成熟的，我男朋友就很成熟。,"type: gender
subject: 100
relation: 性别
entity: 女
score: 90
candidateAnswer: None
conflict: False
","type: location
subject: 100
relation: 所在地
entity: 上海
score: 90
candidateAnswer: None
conflict: False
"
我男朋友金牛座的，真是没有一点浪漫的细胞。,"type: gender
subject: 100
relation: 性别
entity: 女
score: 90
candidateAnswer: None
conflict: False
","type: constellation_lover
subject: 100
relation: 星座
entity: 金牛座
score: 200
candidateAnswer: 哇，金牛座宝宝呀，听说这个星座的GGMM都好好呢
conflict: False
","type: location
subject: 100
relation: 所在地
entity: 上海
score: 90
candidateAnswer: None
conflict: False
"
我男票金牛座，可沉稳了。,"type: gender
subject: 100
relation: 性别
entity: 女
score: 90
candidateAnswer: None
conflict: False
","type: constellation_lover
subject: 100
relation: 星座
entity: 金牛座
score: 200
candidateAnswer: 哇，金牛座宝宝呀，听说这个星座的GGMM都好好呢
conflict: False
","type: location
subject: 100
relation: 所在地
entity: 上海
score: 90
candidateAnswer: None
conflict: False
"
宝宝的男朋友是金牛座的。,"type: gender
subject: 100
relation: 性别
entity: 女
score: 90
candidateAnswer: None
conflict: False
","type: location
subject: 100
relation: 所在地
entity: 上海
score: 90
candidateAnswer: None
conflict: False
"
本宝宝有个金牛座的男朋友。,"type: gender
subject: 100
relation: 性别
entity: 女
score: 90
candidateAnswer: None
conflict: False
","type: location
subject: 100
relation: 所在地
entity: 上海
score: 90
candidateAnswer: None
conflict: False
","type: loveStatus
subject: 100
relation: 恋爱状态
entity: 恋爱中
score: 90
candidateAnswer: [有缘人终成眷属啦],[爱是种本能还是后天习得的能力？]
conflict: False
"
本宝宝的男票是金牛座的。,"type: gender
subject: 100
relation: 性别
entity: 女
score: 90
candidateAnswer: None
conflict: False
","type: location
subject: 100
relation: 所在地
entity: 上海
score: 90
candidateAnswer: None
conflict: False
"
我女票大金牛座，迟钝的很。,"type: gender
subject: 100
relation: 性别
entity: 男
score: 90
candidateAnswer: 额……小影记得你是女孩子呢，那以后人家当你是帅锅咯~ 
conflict: True
","type: constellation_lover
subject: 100
relation: 星座
entity: 金牛座
score: 200
candidateAnswer: 金牛座呀，小影认为能和你在一起的人的星座就是和你最配的星座哟哇咔咔
conflict: False
","type: location
subject: 100
relation: 所在地
entity: 上海
score: 90
candidateAnswer: None
conflict: False
"
我女朋友是双子座的。,"type: gender
subject: 100
relation: 性别
entity: 男
score: 90
candidateAnswer: None
conflict: False
","type: constellation_lover
subject: 100
relation: 星座
entity: 双子座
score: 200
candidateAnswer: 哇，双子座宝宝呀，听说这个星座的GGMM都好好呢
conflict: False
","type: location
subject: 100
relation: 所在地
entity: 上海
score: 90
candidateAnswer: None
conflict: False
"
我女友是双子座。,"type: gender
subject: 100
relation: 性别
entity: 男
score: 90
candidateAnswer: None
conflict: False
","type: constellation_lover
subject: 100
relation: 星座
entity: 双子座
score: 200
candidateAnswer: 知道得这么清楚，那你相信星座吗？
conflict: False
","type: location
subject: 100
relation: 所在地
entity: 上海
score: 90
candidateAnswer: None
conflict: False
"
宝宝的男朋友是双子座。,"type: gender
subject: 100
relation: 性别
entity: 男
score: 90
candidateAnswer: None
conflict: False
","type: location
subject: 100
relation: 所在地
entity: 上海
score: 90
candidateAnswer: None
conflict: False
"
我女票双子座，一天老是浮想联翩的。,"type: gender
subject: 100
relation: 性别
entity: 男
score: 90
candidateAnswer: None
conflict: False
","type: constellation_lover
subject: 100
relation: 星座
entity: 双子座
score: 200
candidateAnswer: 双子座呀，小影认为能和你在一起的人的星座就是和你最配的星座哟哇咔咔
conflict: False
","type: location
subject: 100
relation: 所在地
entity: 上海
score: 90
candidateAnswer: None
conflict: False
"
我女朋友双子座的啊，很狡猾很多变。,"type: gender
subject: 100
relation: 性别
entity: 男
score: 90
candidateAnswer: None
conflict: False
","type: constellation_lover
subject: 100
relation: 星座
entity: 双子座
score: 200
candidateAnswer: 知道得这么清楚，那你相信星座吗？
conflict: False
","type: location
subject: 100
relation: 所在地
entity: 上海
score: 90
candidateAnswer: None
conflict: False
"
双子座很优秀啊，我女朋友就是。,"type: gender
subject: 100
relation: 性别
entity: 男
score: 90
candidateAnswer: None
conflict: False
","type: location
subject: 100
relation: 所在地
entity: 上海
score: 90
candidateAnswer: None
conflict: False
"
我女朋友双子座的，很善变。,"type: gender
subject: 100
relation: 性别
entity: 男
score: 90
candidateAnswer: None
conflict: False
","type: constellation_lover
subject: 100
relation: 星座
entity: 双子座
score: 200
candidateAnswer: 双子座呀，小影认为能和你在一起的人的星座就是和你最配的星座哟哇咔咔
conflict: False
","type: location
subject: 100
relation: 所在地
entity: 上海
score: 90
candidateAnswer: None
conflict: False
"
我女票双子座的嘛，对什么事都好奇啊。,"type: gender
subject: 100
relation: 性别
entity: 男
score: 90
candidateAnswer: None
conflict: False
","type: location
subject: 100
relation: 所在地
entity: 上海
score: 90
candidateAnswer: None
conflict: False
"
我男票双子座的，但是却不花心。,"type: gender
subject: 100
relation: 性别
entity: 女
score: 90
candidateAnswer: 额……小影记得你是帅哥呢，那以后人家当你是大美女咯~ 
conflict: True
","type: constellation_lover
subject: 100
relation: 星座
entity: 双子座
score: 200
candidateAnswer: 你男票和双子座的星座描述相似吗？
conflict: False
","type: location
subject: 100
relation: 所在地
entity: 上海
score: 90
candidateAnswer: None
conflict: False
"
我和男朋友都双子座。,"type: gender
subject: 100
relation: 性别
entity: 女
score: 90
candidateAnswer: None
conflict: False
","type: location
subject: 100
relation: 所在地
entity: 上海
score: 90
candidateAnswer: None
conflict: False
"
我男朋友是很多变的双子座。,"type: gender
subject: 100
relation: 性别
entity: 女
score: 90
candidateAnswer: None
conflict: False
","type: constellation_lover
subject: 100
relation: 星座
entity: 双子座
score: 200
candidateAnswer: 知道得这么清楚，那你相信星座吗？
conflict: False
","type: location
subject: 100
relation: 所在地
entity: 上海
score: 90
candidateAnswer: None
conflict: False
"
真想不通我女朋友竟然是双子座。,"type: gender
subject: 100
relation: 性别
entity: 男
score: 90
candidateAnswer: 嗯？你是男的吗？小影怎么记得你是女的啊？好吧……那伦家知道了，你是男的~
conflict: True
","type: constellation_lover
subject: 100
relation: 星座
entity: 双子座
score: 200
candidateAnswer: 双子座呀，小影认为能和你在一起的人的星座就是和你最配的星座哟哇咔咔
conflict: False
","type: location
subject: 100
relation: 所在地
entity: 上海
score: 90
candidateAnswer: None
conflict: False
"
我男票竟然是双子座。,"type: gender
subject: 100
relation: 性别
entity: 女
score: 90
candidateAnswer: 额……小影记得你是男的呢，那以后人家当你是妹子咯~ 
conflict: True
","type: constellation_lover
subject: 100
relation: 星座
entity: 双子座
score: 200
candidateAnswer: 双子座的呀，那你对这个星座有所了解，感兴趣吗？
conflict: False
","type: location
subject: 100
relation: 所在地
entity: 上海
score: 90
candidateAnswer: None
conflict: False
"
我女票是巨蟹的。,"type: gender
subject: 100
relation: 性别
entity: 男
score: 90
candidateAnswer: 额……小影记得你是大美女呢，那以后人家当你是帅哥咯~ 
conflict: True
","type: constellation_lover
subject: 100
relation: 星座
entity: 巨蟹座
score: 200
candidateAnswer: 知道得这么清楚，那你相信星座吗？
conflict: False
","type: location
subject: 100
relation: 所在地
entity: 上海
score: 90
candidateAnswer: None
conflict: False
"
我女朋友是巨蟹的乖宝宝。,"type: gender
subject: 100
relation: 性别
entity: 男
score: 90
candidateAnswer: None
conflict: False
","type: constellation_lover
subject: 100
relation: 星座
entity: 巨蟹座
score: 200
candidateAnswer: 巨蟹座呀，小影认为能和你在一起的人的星座就是和你最配的星座哟哇咔咔
conflict: False
","type: location
subject: 100
relation: 所在地
entity: 上海
score: 90
candidateAnswer: None
conflict: False
"
我女票巨蟹座的呀，很有母性光环。,"type: gender
subject: 100
relation: 性别
entity: 男
score: 90
candidateAnswer: None
conflict: False
","type: constellation_lover
subject: 100
relation: 星座
entity: 巨蟹座
score: 200
candidateAnswer: 知道得这么清楚，那你相信星座吗？
conflict: False
","type: location
subject: 100
relation: 所在地
entity: 上海
score: 90
candidateAnswer: None
conflict: False
"
我女票的星座是巨蟹座。,"type: gender
subject: 100
relation: 性别
entity: 男
score: 90
candidateAnswer: None
conflict: False
","type: constellation_lover
subject: 100
relation: 星座
entity: 巨蟹座
score: 200
candidateAnswer: 巨蟹座的呀，那你对这个星座有所了解，感兴趣吗？
conflict: False
","type: location
subject: 100
relation: 所在地
entity: 上海
score: 90
candidateAnswer: None
conflict: False
"
我女朋友是巨蟹座，很有特点。,"type: gender
subject: 100
relation: 性别
entity: 男
score: 90
candidateAnswer: None
conflict: False
","type: constellation_lover
subject: 100
relation: 星座
entity: 巨蟹座
score: 200
candidateAnswer: 哇，巨蟹座宝宝呀，听说这个星座的GGMM都好好呢
conflict: False
","type: location
subject: 100
relation: 所在地
entity: 上海
score: 90
candidateAnswer: None
conflict: False
"
我女票是巨蟹座的妹子。,"type: gender
subject: 100
relation: 性别
entity: 男
score: 90
candidateAnswer: None
conflict: False
","type: constellation_lover
subject: 100
relation: 星座
entity: 巨蟹座
score: 200
candidateAnswer: 巨蟹座呀，小影认为能和你在一起的人的星座就是和你最配的星座哟哇咔咔
conflict: False
","type: location
subject: 100
relation: 所在地
entity: 上海
score: 90
candidateAnswer: None
conflict: False
"
我女票是巨蟹座的，很有爱心。,"type: gender
subject: 100
relation: 性别
entity: 男
score: 90
candidateAnswer: None
conflict: False
","type: constellation_lover
subject: 100
relation: 星座
entity: 巨蟹座
score: 200
candidateAnswer: 你女票和巨蟹座的星座描述相似吗？
conflict: False
","type: location
subject: 100
relation: 所在地
entity: 上海
score: 90
candidateAnswer: None
conflict: False
"
我男票是巨蟹座的，特别勤俭。,"type: gender
subject: 100
relation: 性别
entity: 女
score: 90
candidateAnswer: 你不是说你是男生吗？那这样以后小影把你当姑娘喽~
conflict: True
","type: constellation_lover
subject: 100
relation: 星座
entity: 巨蟹座
score: 200
candidateAnswer: 巨蟹座的呀，那你对这个星座有所了解，感兴趣吗？
conflict: False
","type: location
subject: 100
relation: 所在地
entity: 上海
score: 90
candidateAnswer: None
conflict: False
"
我男票是狮子座的。,"type: gender
subject: 100
relation: 性别
entity: 女
score: 90
candidateAnswer: None
conflict: False
","type: constellation_lover
subject: 100
relation: 星座
entity: 狮子座
score: 200
candidateAnswer: 你男票和狮子座的星座描述相似吗？
conflict: False
","type: location
subject: 100
relation: 所在地
entity: 上海
score: 90
candidateAnswer: None
conflict: False
"
我男朋友是狮子座。,"type: gender
subject: 100
relation: 性别
entity: 女
score: 90
candidateAnswer: None
conflict: False
","type: constellation_lover
subject: 100
relation: 星座
entity: 狮子座
score: 200
candidateAnswer: 狮子座的呀，那你对这个星座有所了解，感兴趣吗？
conflict: False
","type: location
subject: 100
relation: 所在地
entity: 上海
score: 90
candidateAnswer: None
conflict: False
"
我有个狮子座的男票。,"type: gender
subject: 100
relation: 性别
entity: 女
score: 90
candidateAnswer: None
conflict: False
","type: location
subject: 100
relation: 所在地
entity: 上海
score: 90
candidateAnswer: None
conflict: False
"
我男友是典型的狮子座。,"type: gender
subject: 100
relation: 性别
entity: 女
score: 90
candidateAnswer: None
conflict: False
","type: constellation_lover
subject: 100
relation: 星座
entity: 狮子座
score: 200
candidateAnswer: 狮子座的呀，那你对这个星座有所了解，感兴趣吗？
conflict: False
","type: location
subject: 100
relation: 所在地
entity: 上海
score: 90
candidateAnswer: None
conflict: False
"
我女票狮子座。,"type: gender
subject: 100
relation: 性别
entity: 男
score: 90
candidateAnswer: 额……小影记得你是美女呢，那以后人家当你是男的咯~ 
conflict: True
","type: constellation_lover
subject: 100
relation: 星座
entity: 狮子座
score: 200
candidateAnswer: 狮子座呀，小影认为能和你在一起的人的星座就是和你最配的星座哟哇咔咔
conflict: False
","type: location
subject: 100
relation: 所在地
entity: 上海
score: 90
candidateAnswer: None
conflict: False
"
俺女朋友是狮子座的。,"type: gender
subject: 100
relation: 性别
entity: 男
score: 90
candidateAnswer: None
conflict: False
","type: constellation_lover
subject: 100
relation: 星座
entity: 狮子座
score: 200
candidateAnswer: 哇，狮子座宝宝呀，听说这个星座的GGMM都好好呢
conflict: False
","type: location
subject: 100
relation: 所在地
entity: 上海
score: 90
candidateAnswer: None
conflict: False
"
我女票狮子座的，很有正义感。,"type: gender
subject: 100
relation: 性别
entity: 男
score: 90
candidateAnswer: None
conflict: False
","type: constellation_lover
subject: 100
relation: 星座
entity: 狮子座
score: 200
candidateAnswer: 哇，狮子座宝宝呀，听说这个星座的GGMM都好好呢
conflict: False
","type: location
subject: 100
relation: 所在地
entity: 上海
score: 90
candidateAnswer: None
conflict: False
"
我女朋友是狮子座，内心很脆弱。,"type: gender
subject: 100
relation: 性别
entity: 男
score: 90
candidateAnswer: None
conflict: False
","type: constellation_lover
subject: 100
relation: 星座
entity: 狮子座
score: 200
candidateAnswer: 知道得这么清楚，那你相信星座吗？
conflict: False
","type: location
subject: 100
relation: 所在地
entity: 上海
score: 90
candidateAnswer: None
conflict: False
"
我女友是处女座。,"type: gender
subject: 100
relation: 性别
entity: 男
score: 90
candidateAnswer: None
conflict: False
","type: constellation_lover
subject: 100
relation: 星座
entity: 处女座
score: 200
candidateAnswer: 处女座的呀，那你对这个星座有所了解，感兴趣吗？
conflict: False
","type: location
subject: 100
relation: 所在地
entity: 上海
score: 90
candidateAnswer: None
conflict: False
"
我女票处女座。,"type: gender
subject: 100
relation: 性别
entity: 男
score: 90
candidateAnswer: None
conflict: False
","type: constellation_lover
subject: 100
relation: 星座
entity: 处女座
score: 200
candidateAnswer: 知道得这么清楚，那你相信星座吗？
conflict: False
","type: location
subject: 100
relation: 所在地
entity: 上海
score: 90
candidateAnswer: None
conflict: False
"
我女朋友是典型的处女座。,"type: gender
subject: 100
relation: 性别
entity: 男
score: 90
candidateAnswer: None
conflict: False
","type: constellation_lover
subject: 100
relation: 星座
entity: 处女座
score: 200
candidateAnswer: 你女朋友和处女座的星座描述相似吗？
conflict: False
","type: location
subject: 100
relation: 所在地
entity: 上海
score: 90
candidateAnswer: None
conflict: False
"
唉，我女朋友是处女座的。,"type: gender
subject: 100
relation: 性别
entity: 男
score: 90
candidateAnswer: None
conflict: False
","type: constellation_lover
subject: 100
relation: 星座
entity: 处女座
score: 200
candidateAnswer: 知道得这么清楚，那你相信星座吗？
conflict: False
","type: location
subject: 100
relation: 所在地
entity: 上海
score: 90
candidateAnswer: None
conflict: False
"
我其实挺讨厌处女座的女生，除了我女票。,"type: gender
subject: 100
relation: 性别
entity: 男
score: 90
candidateAnswer: None
conflict: False
","type: location
subject: 100
relation: 所在地
entity: 上海
score: 90
candidateAnswer: None
conflict: False
","type: hobby
subject: 100
relation: 不喜欢
entity: 处女座
score: 90
candidateAnswer: 小影真的好羡慕你有对象哦，小影也想要爱的抱抱~~
conflict: False
"
我女票竟然是处女座，真想不到。,"type: gender
subject: 100
relation: 性别
entity: 男
score: 90
candidateAnswer: None
conflict: False
","type: constellation_lover
subject: 100
relation: 星座
entity: 处女座
score: 200
candidateAnswer: 哇，处女座宝宝呀，听说这个星座的GGMM都好好呢
conflict: False
","type: location
subject: 100
relation: 所在地
entity: 上海
score: 90
candidateAnswer: None
conflict: False
"
我女朋友处女座的啊，特别爱干净。,"type: gender
subject: 100
relation: 性别
entity: 男
score: 90
candidateAnswer: None
conflict: False
","type: constellation_lover
subject: 100
relation: 星座
entity: 处女座
score: 200
candidateAnswer: 处女座的呀，那你对这个星座有所了解，感兴趣吗？
conflict: False
","type: location
subject: 100
relation: 所在地
entity: 上海
score: 90
candidateAnswer: None
conflict: False
","type: hobby
subject: 100
relation: 喜欢
entity: 处女座
score: 90
candidateAnswer: 处女座被你女朋友翻牌子咯，哇咔咔，终于等到你，还好没放弃。
conflict: False
"
我女朋友处女座的，没办法。,"type: gender
subject: 100
relation: 性别
entity: 男
score: 90
candidateAnswer: None
conflict: False
","type: constellation_lover
subject: 100
relation: 星座
entity: 处女座
score: 200
candidateAnswer: 知道得这么清楚，那你相信星座吗？
conflict: False
","type: location
subject: 100
relation: 所在地
entity: 上海
score: 90
candidateAnswer: None
conflict: False
"
我女票处女座的，有洁癖。,"type: gender
subject: 100
relation: 性别
entity: 男
score: 90
candidateAnswer: None
conflict: False
","type: constellation_lover
subject: 100
relation: 星座
entity: 处女座
score: 200
candidateAnswer: 处女座呀，小影认为能和你在一起的人的星座就是和你最配的星座哟哇咔咔
conflict: False
","type: location
subject: 100
relation: 所在地
entity: 上海
score: 90
candidateAnswer: None
conflict: False
"
处女座人都挺理智的，我女朋友就是。,"type: gender
subject: 100
relation: 性别
entity: 男
score: 90
candidateAnswer: None
conflict: False
","type: location
subject: 100
relation: 所在地
entity: 上海
score: 90
candidateAnswer: None
conflict: False
"
我男票处女座的啊，超级洁癖。,"type: gender
subject: 100
relation: 性别
entity: 女
score: 90
candidateAnswer: 嗯？你是女孩纸吗？小影怎么记得你是帅哥啊？好吧……那伦家知道了，你是女孩纸~
conflict: True
","type: constellation_lover
subject: 100
relation: 星座
entity: 处女座
score: 200
candidateAnswer: 知道得这么清楚，那你相信星座吗？
conflict: False
","type: location
subject: 100
relation: 所在地
entity: 上海
score: 90
candidateAnswer: None
conflict: False
"
我男友处女座的，挺好的呀。,"type: gender
subject: 100
relation: 性别
entity: 女
score: 90
candidateAnswer: None
conflict: False
","type: constellation_lover
subject: 100
relation: 星座
entity: 处女座
score: 200
candidateAnswer: 你男友和处女座的星座描述相似吗？
conflict: False
","type: location
subject: 100
relation: 所在地
entity: 上海
score: 90
candidateAnswer: None
conflict: False
"
我在我男票身上并没有发现处女座的种种洁癖。,"type: gender
subject: 100
relation: 性别
entity: 女
score: 90
candidateAnswer: None
conflict: False
","type: constellation_lover
subject: 100
relation: 星座
entity: 处女座
score: 200
candidateAnswer: 处女座呀，小影认为能和你在一起的人的星座就是和你最配的星座哟哇咔咔
conflict: False
","type: location
subject: 100
relation: 所在地
entity: 上海
score: 90
candidateAnswer: None
conflict: False
"
我男票是天秤座。,"type: gender
subject: 100
relation: 性别
entity: 女
score: 90
candidateAnswer: None
conflict: False
","type: constellation_lover
subject: 100
relation: 星座
entity: 天秤座
score: 200
candidateAnswer: 哇，天秤座宝宝呀，听说这个星座的GGMM都好好呢
conflict: False
","type: location
subject: 100
relation: 所在地
entity: 上海
score: 90
candidateAnswer: None
conflict: False
"
我男友是天秤座。,"type: gender
subject: 100
relation: 性别
entity: 女
score: 90
candidateAnswer: None
conflict: False
","type: constellation_lover
subject: 100
relation: 星座
entity: 天秤座
score: 200
candidateAnswer: 你男友和天秤座的星座描述相似吗？
conflict: False
","type: location
subject: 100
relation: 所在地
entity: 上海
score: 90
candidateAnswer: None
conflict: False
"
天秤座的人都挺公正的，我男朋友就是。,"type: gender
subject: 100
relation: 性别
entity: 女
score: 90
candidateAnswer: None
conflict: False
","type: location
subject: 100
relation: 所在地
entity: 上海
score: 90
candidateAnswer: None
conflict: False
"
我男朋友天秤座的嘛，很懒惰正常。,"type: gender
subject: 100
relation: 性别
entity: 女
score: 90
candidateAnswer: None
conflict: False
","type: constellation_lover
subject: 100
relation: 星座
entity: 天秤座
score: 200
candidateAnswer: 天秤座的呀，那你对这个星座有所了解，感兴趣吗？
conflict: False
","type: location
subject: 100
relation: 所在地
entity: 上海
score: 90
candidateAnswer: None
conflict: False
"
我女票天秤座的，有公主病啊。,"type: gender
subject: 100
relation: 性别
entity: 男
score: 90
candidateAnswer: 额……小影记得你是大美女呢，那以后人家当你是帅锅咯~ 
conflict: True
","type: constellation_lover
subject: 100
relation: 星座
entity: 天秤座
score: 200
candidateAnswer: 天秤座呀，小影认为能和你在一起的人的星座就是和你最配的星座哟哇咔咔
conflict: False
","type: location
subject: 100
relation: 所在地
entity: 上海
score: 90
candidateAnswer: None
conflict: False
"
我女朋友是很爱美的天秤座。,"type: gender
subject: 100
relation: 性别
entity: 男
score: 90
candidateAnswer: None
conflict: False
","type: constellation_lover
subject: 100
relation: 星座
entity: 天秤座
score: 200
candidateAnswer: 哇，天秤座宝宝呀，听说这个星座的GGMM都好好呢
conflict: False
","type: location
subject: 100
relation: 所在地
entity: 上海
score: 90
candidateAnswer: None
conflict: False
"
我女票是很自恋的天秤座。,"type: gender
subject: 100
relation: 性别
entity: 男
score: 90
candidateAnswer: None
conflict: False
","type: constellation_lover
subject: 100
relation: 星座
entity: 天秤座
score: 200
candidateAnswer: 哇，天秤座宝宝呀，听说这个星座的GGMM都好好呢
conflict: False
","type: location
subject: 100
relation: 所在地
entity: 上海
score: 90
candidateAnswer: None
conflict: False
"
我男票是典型的天秤座。,"type: gender
subject: 100
relation: 性别
entity: 女
score: 90
candidateAnswer: 额……小影记得你是帅锅呢，那以后人家当你是姑娘咯~ 
conflict: True
","type: constellation_lover
subject: 100
relation: 星座
entity: 天秤座
score: 200
candidateAnswer: 天秤座的呀，那你对这个星座有所了解，感兴趣吗？
conflict: False
","type: location
subject: 100
relation: 所在地
entity: 上海
score: 90
candidateAnswer: None
conflict: False
"
我女票天蝎座。,"type: gender
subject: 100
relation: 性别
entity: 男
score: 90
candidateAnswer: 嗯？你是男生吗？小影怎么记得你是妹纸啊？好吧……那伦家知道了，你是男生~
conflict: True
","type: constellation_lover
subject: 100
relation: 星座
entity: 天蝎座
score: 200
candidateAnswer: 天蝎座的呀，那你对这个星座有所了解，感兴趣吗？
conflict: False
","type: location
subject: 100
relation: 所在地
entity: 上海
score: 90
candidateAnswer: None
conflict: False
"
我男票是天蝎座的小公举,"type: gender
subject: 100
relation: 性别
entity: 女
score: 90
candidateAnswer: 你不是说你是男的吗？那这样以后小影把你当姑娘喽~
conflict: True
","type: constellation_lover
subject: 100
relation: 星座
entity: 天蝎座
score: 200
candidateAnswer: 知道得这么清楚，那你相信星座吗？
conflict: False
","type: location
subject: 100
relation: 所在地
entity: 上海
score: 90
candidateAnswer: None
conflict: False
"
我的宝贝女朋友是天蝎座。,"type: gender
subject: 100
relation: 性别
entity: 男
score: 90
candidateAnswer: 额……小影记得你是大美女呢，那以后人家当你是帅哥咯~ 
conflict: True
","type: location
subject: 100
relation: 所在地
entity: 上海
score: 90
candidateAnswer: None
conflict: False
"
我女票是天蝎座，很有智慧。,"type: gender
subject: 100
relation: 性别
entity: 男
score: 90
candidateAnswer: None
conflict: False
","type: constellation_lover
subject: 100
relation: 星座
entity: 天蝎座
score: 200
candidateAnswer: 天蝎座呀，小影认为能和你在一起的人的星座就是和你最配的星座哟哇咔咔
conflict: False
","type: location
subject: 100
relation: 所在地
entity: 上海
score: 90
candidateAnswer: None
conflict: False
"
我女票天蝎座的，精力旺盛。,"type: gender
subject: 100
relation: 性别
entity: 男
score: 90
candidateAnswer: None
conflict: False
","type: constellation_lover
subject: 100
relation: 星座
entity: 天蝎座
score: 200
candidateAnswer: 天蝎座的呀，那你对这个星座有所了解，感兴趣吗？
conflict: False
","type: location
subject: 100
relation: 所在地
entity: 上海
score: 90
candidateAnswer: None
conflict: False
"
我家亲爱的女友是天蝎座。,"type: gender
subject: 100
relation: 性别
entity: 男
score: 90
candidateAnswer: None
conflict: False
","type: location
subject: 100
relation: 所在地
entity: 上海
score: 90
candidateAnswer: None
conflict: False
"
我男票天蝎座的，霸道总裁范啊。,"type: career
subject: 100
relation: 职业
entity: 在职
score: 200
candidateAnswer: None
conflict: False
","type: gender
subject: 100
relation: 性别
entity: 女
score: 90
candidateAnswer: 你不是说你是帅哥吗？那这样以后小影把你当小姑娘喽~
conflict: True
","type: constellation_lover
subject: 100
relation: 星座
entity: 天蝎座
score: 200
candidateAnswer: 知道得这么清楚，那你相信星座吗？
conflict: False
","type: location
subject: 100
relation: 所在地
entity: 上海
score: 90
candidateAnswer: None
conflict: False
"
我男友天蝎座的，很敏感。,"type: gender
subject: 100
relation: 性别
entity: 女
score: 90
candidateAnswer: None
conflict: False
","type: constellation_lover
subject: 100
relation: 星座
entity: 天蝎座
score: 200
candidateAnswer: 知道得这么清楚，那你相信星座吗？
conflict: False
","type: location
subject: 100
relation: 所在地
entity: 上海
score: 90
candidateAnswer: None
conflict: False
"
我男朋友是射手座的。,"type: gender
subject: 100
relation: 性别
entity: 女
score: 90
candidateAnswer: None
conflict: False
","type: constellation_lover
subject: 100
relation: 星座
entity: 射手座
score: 200
candidateAnswer: 知道得这么清楚，那你相信星座吗？
conflict: False
","type: location
subject: 100
relation: 所在地
entity: 上海
score: 90
candidateAnswer: None
conflict: False
"
我女友是射手座的。,"type: gender
subject: 100
relation: 性别
entity: 男
score: 90
candidateAnswer: 嗯？你是帅哥吗？小影怎么记得你是女生啊？好吧……那伦家知道了，你是帅哥~
conflict: True
","type: constellation_lover
subject: 100
relation: 星座
entity: 射手座
score: 200
candidateAnswer: 哇，射手座宝宝呀，听说这个星座的GGMM都好好呢
conflict: False
","type: location
subject: 100
relation: 所在地
entity: 上海
score: 90
candidateAnswer: None
conflict: False
"
我女朋友是很乐观的射手座。,"type: gender
subject: 100
relation: 性别
entity: 男
score: 90
candidateAnswer: None
conflict: False
","type: constellation_lover
subject: 100
relation: 星座
entity: 射手座
score: 200
candidateAnswer: 知道得这么清楚，那你相信星座吗？
conflict: False
","type: location
subject: 100
relation: 所在地
entity: 上海
score: 90
candidateAnswer: None
conflict: False
"
我女友是射手座，很独立。,"type: gender
subject: 100
relation: 性别
entity: 男
score: 90
candidateAnswer: None
conflict: False
","type: constellation_lover
subject: 100
relation: 星座
entity: 射手座
score: 200
candidateAnswer: 射手座呀，小影认为能和你在一起的人的星座就是和你最配的星座哟哇咔咔
conflict: False
","type: location
subject: 100
relation: 所在地
entity: 上海
score: 90
candidateAnswer: None
conflict: False
"
我男票是射手座的，却不花心。,"type: gender
subject: 100
relation: 性别
entity: 女
score: 90
candidateAnswer: 额……小影记得你是帅哥呢，那以后人家当你是姑娘咯~ 
conflict: True
","type: constellation_lover
subject: 100
relation: 星座
entity: 射手座
score: 200
candidateAnswer: 你男票和射手座的星座描述相似吗？
conflict: False
","type: location
subject: 100
relation: 所在地
entity: 上海
score: 90
candidateAnswer: None
conflict: False
"
我男票水瓶座的，做事很草率。,"type: gender
subject: 100
relation: 性别
entity: 女
score: 90
candidateAnswer: None
conflict: False
","type: constellation_lover
subject: 100
relation: 星座
entity: 水瓶座
score: 200
candidateAnswer: 哇，水瓶座宝宝呀，听说这个星座的GGMM都好好呢
conflict: False
","type: location
subject: 100
relation: 所在地
entity: 上海
score: 90
candidateAnswer: None
conflict: False
"
要找男朋友，就得找像我家水瓶座的那位一样的。,"type: gender
subject: 100
relation: 性别
entity: 女
score: 90
candidateAnswer: None
conflict: False
","type: location
subject: 100
relation: 所在地
entity: 上海
score: 90
candidateAnswer: None
conflict: False
","type: loveStatus
subject: 100
relation: 恋爱状态
entity: 恋爱中
score: 90
candidateAnswer: [多么幸福啊],[你认为自己理想的爱情什么样子？]
conflict: False
"
我女票就一金牛座的财迷,"type: gender
subject: 100
relation: 性别
entity: 男
score: 90
candidateAnswer: 你不是说你是妹纸吗？那这样以后小影把你当男的喽~
conflict: True
","type: constellation_lover
subject: 100
relation: 星座
entity: 金牛座
score: 200
candidateAnswer: 金牛座的呀，那你对这个星座有所了解，感兴趣吗？
conflict: False
","type: location
subject: 100
relation: 所在地
entity: 上海
score: 90
candidateAnswer: None
conflict: False
"
你知道我女朋友的星座了吗,"type: gender
subject: 100
relation: 性别
entity: 男
score: 90
candidateAnswer: None
conflict: False
","type: location
subject: 100
relation: 所在地
entity: 上海
score: 90
candidateAnswer: None
conflict: False
"
我男朋友的星座你知道吗,"type: gender
subject: 100
relation: 性别
entity: 男
score: 90
candidateAnswer: None
conflict: False
","type: constellation_lover
subject: 100
relation: 星座
entity: 射手座
score: 200
candidateAnswer: 容小影思考5秒钟，射手座对不对？
conflict: False
","type: location
subject: 100
relation: 所在地
entity: 上海
score: 90
candidateAnswer: None
conflict: False
"
小影你记不记得我男票的星座啊,"type: gender
subject: 100
relation: 性别
entity: 女
score: 90
candidateAnswer: 嗯？你是女生吗？小影怎么记得你是帅锅啊？好吧……那伦家知道了，你是女生~
conflict: True
","type: location
subject: 100
relation: 所在地
entity: 上海
score: 90
candidateAnswer: None
conflict: False
"
我女票星座是什么？快说,"type: gender
subject: 100
relation: 性别
entity: 女
score: 90
candidateAnswer: None
conflict: False
","type: constellation
subject: 100
relation: 星座
entity: 天蝎座
score: 200
candidateAnswer: 小影记得你是天蝎座啦～！
conflict: False
","type: constellation_lover
subject: 100
relation: 星座
entity: 金牛座
score: 200
candidateAnswer: 掐指一算，金牛座对不对，biubiu~~~
conflict: False
","type: location
subject: 100
relation: 所在地
entity: 上海
score: 90
candidateAnswer: None
conflict: False
"
知道人家男盆友的星座没？,"type: gender
subject: 100
relation: 性别
entity: 女
score: 90
candidateAnswer: None
conflict: False
","type: location
subject: 100
relation: 所在地
entity: 上海
score: 90
candidateAnswer: None
conflict: False
"
